user_id,type,province,type_desc,business_segment,business_sub_segment,account_age_months,outbound_trx,inbound_trx,hit_count,reported_risk
202100000008061202,customer,Jambi,full service,-,-,16,11,0,0,0
202100000006826919,customer,,basic service,-,-,20,47,0,1,0
202000000087924536,customer,Jawa Timur,full service,-,-,50,98,0,0,0
202100000006864443,customer,,basic service,-,-,20,31,0,0,0
202000000131094683,customer,Jawa Barat,full service,-,-,24,22,0,0,1
202000000097742138,customer,Jawa Timur,full service,-,-,46,146,0,6,0
202000000064116649,customer,Jawa Tengah,full service,-,-,61,84,0,0,0
202000000063462777,customer,Jawa Tengah,full service,-,-,61,111,0,0,0
202100000007251887,customer,Jawa Barat,full service,-,-,19,77,0,0,0
202000000125933735,customer,Jawa Barat,full service,-,-,30,51,0,0,0
202000000126326514,customer,Jawa Barat,full service,-,-,29,100,0,0,0
202000000087132518,customer,Jawa Tengah,full service,-,-,50,203,0,0,0
202000000048727273,customer,Jawa Timur,full service,-,-,65,31,0,0,0
202000000070875591,customer,Jawa Barat,full service,-,-,58,118,0,0,0
202000000065429225,customer,Jawa Barat,full service,-,-,60,102,0,0,0
202000000127796291,customer,Jawa Timur,full service,-,-,28,13,0,1,0
202000000128892278,customer,,basic service,-,-,26,21,0,0,0
202000000063751029,customer,D.I. Yogyakarta,full service,-,-,61,3,0,0,0
202000000006781577,customer,,basic service,-,-,112,1,0,0,0
202000000048656593,customer,Sumatera Barat,full service,-,-,65,1,0,0,0
202000000125923560,customer,Jawa Barat,full service,-,-,30,80,0,0,0
202000000119774892,customer,,basic service,-,-,35,3,0,0,1
202000000126249731,customer,Jawa Barat,full service,-,-,29,73,0,0,0
202000000067192365,customer,D.I. Yogyakarta,full service,-,-,60,3,0,0,0
201000000004292991,merchant,,Perorangan,Retail,Retail-non CICO,43,0,5,0,1
202100000007378267,customer,,basic service,-,-,18,7,0,0,1
202000000080327125,customer,Jawa Barat,full service,-,-,55,66,0,0,0
202100000006528421,customer,,basic service,-,-,21,215,0,0,0
202100000007449209,customer,Jawa Barat,full service,-,-,18,25,0,0,0
202000000115789168,customer,Lampung,full service,-,-,38,167,0,0,0
201000000004937021,merchant,,Perorangan,Retail,Retail-non CICO,37,0,2631,0,1
202000000005407468,customer,,basic service,-,-,91,4,0,0,0
202100000008291541,customer,,basic service,-,-,15,2,0,0,1
202100000007397973,customer,Jawa Barat,full service,-,-,18,45,0,0,0
202000000126259293,customer,,basic service,-,-,29,89,0,0,0
202100000006751054,customer,Jawa Barat,full service,-,-,20,80,0,0,0
202100000007133347,customer,,basic service,-,-,19,8,0,0,1
201000000003925209,merchant,,CV,Retail,Retail-non CICO,47,0,1788,0,0
202100000007813977,customer,Sulawesi Selatan,full service,-,-,17,31,0,0,0
202100000006132506,customer,Banten,full service,-,-,21,109,0,0,0
202000000125970282,customer,Jawa Barat,full service,-,-,30,129,0,0,0
202000000117990419,customer,,basic service,-,-,36,45,0,0,0
202100000007917198,customer,,basic service,-,-,16,2,0,0,1
202100000007332126,customer,Jawa Barat,full service,-,-,18,41,0,0,0
201000000005343378,merchant,,Perorangan,F&B,Restaurant,35,0,1,0,1
202100000006927656,customer,Jawa Barat,full service,-,-,20,106,0,0,0
202100000006286317,customer,Jawa Barat,full service,-,-,21,124,0,0,0
202100000006515359,customer,,basic service,-,-,21,5,0,0,0
202000000125934695,customer,Jawa Barat,full service,-,-,30,52,0,1,0
201000000004277683,merchant,,Perorangan,Retail,Retail-non CICO,43,0,1,0,1
202000000081147883,customer,Jawa Barat,full service,-,-,54,212,0,0,0
202000000009923172,customer,,basic service,-,-,99,3,0,0,0
202000000126051739,customer,Jawa Barat,full service,-,-,30,152,0,0,0
202000000095998744,customer,Jawa Timur,full service,-,-,47,36,0,0,0
201000000003972162,merchant,,Perorangan,Retail,Retail-non CICO,46,0,1,0,1
202000000042094168,customer,Jawa Timur,full service,-,-,61,103,0,0,0
202000000068612443,customer,Jawa Timur,full service,-,-,59,32,0,0,0
202000000126395045,customer,Jawa Barat,basic service,-,-,29,50,0,0,0
202000000069518665,customer,Dki  Jakarta,full service,-,-,59,43,0,0,0
202000000066376191,customer,Jawa Barat,full service,-,-,60,62,0,0,0
202000000129297376,customer,,basic service,-,-,26,26,0,0,0
202100000008070246,customer,,basic service,-,-,16,4,0,0,1
202100000007625507,customer,,basic service,-,-,17,5,0,0,1
202000000011256809,customer,,full service,-,-,88,4,0,0,0
201000000003947894,merchant,,Perorangan,Retail,Retail-non CICO,46,0,1,0,1
202000000125911981,customer,Jawa Barat,full service,-,-,30,9,0,0,0
202000000097561836,customer,Jawa Barat,full service,-,-,46,98,0,0,0
202000000111735022,customer,Jawa Barat,full service,-,-,40,17,0,0,0
202000000029943007,customer,,basic service,-,-,78,1,0,0,0
202100000007239823,customer,,basic service,-,-,19,141,0,64,0
202100000005751816,customer,Banten,full service,-,-,22,59,0,0,0
201000000003924325,merchant,,CV,Retail,Retail-non CICO,47,0,3650,0,0
202100000006748770,customer,Jawa Barat,full service,-,-,20,20,0,0,0
202100000006871563,customer,Jawa Barat,full service,-,-,20,88,0,0,0
202100000007265214,customer,Jawa Barat,full service,-,-,19,61,0,0,0
201000000004314184,merchant,,Perorangan,Retail,Retail-non CICO,43,0,8,0,1
202000000067409184,customer,Jawa Tengah,full service,-,-,60,109,0,0,0
202000000089312436,customer,Jawa Timur,full service,-,-,49,66,0,0,0
201000000003925223,merchant,,PT,Retail,Retail-non CICO,47,0,4718,0,0
202000000080935741,customer,Papua,basic service,-,-,54,1,0,0,0
202100000007017408,customer,Banten,full service,-,-,19,71,0,0,0
202100000007685190,customer,Jawa Barat,full service,-,-,17,69,0,0,0
202100000007250477,customer,,basic service,-,-,19,4,0,0,1
202100000007820401,customer,Jawa Barat,full service,-,-,17,31,0,0,0
202000000126220011,customer,Jawa Barat,full service,-,-,29,68,0,0,0
202100000007949402,customer,,basic service,-,-,16,1,0,0,1
202000000089115241,customer,Jawa Timur,full service,-,-,49,64,0,0,0
202000000089124686,customer,Jawa Timur,full service,-,-,49,62,0,0,0
202000000129992822,customer,,basic service,-,-,25,6,0,0,0
202000000069519242,customer,Dki  Jakarta,full service,-,-,59,46,0,0,0
202000000124552875,customer,Jawa Tengah,full service,-,-,32,97,0,79,0
202000000127243959,customer,Jawa Barat,full service,-,-,28,9,0,0,0
202000000127883598,customer,,basic service,-,-,27,2,0,0,0
202000000116851548,customer,Lampung,full service,-,-,37,345,0,0,0
202000000115525097,customer,,basic service,-,-,38,1,0,0,0
202000000067400200,customer,Jawa Tengah,full service,-,-,60,54,0,0,0
202000000131165654,customer,Jawa Barat,full service,-,-,24,10,0,0,0
202100000007886582,customer,Jawa Barat,full service,-,-,16,12,0,0,0
202100000008139482,customer,,basic service,-,-,16,3,0,0,1
201000000002533376,merchant,,Perorangan,Retail,Marketplace and online retail,53,0,5,0,1
202100000006957065,customer,Sumatera Selatan,full service,-,-,20,86,0,0,0
202000000126748935,customer,Lampung,full service,-,-,29,314,0,0,0
202000000126356897,customer,Jawa Barat,full service,-,-,29,211,0,0,0
202100000006528816,customer,Jawa Tengah,full service,-,-,21,187,0,0,0
201000000003954586,merchant,,Perorangan,Retail,Retail-non CICO,46,0,1,0,1
201000000003971160,merchant,,Perorangan,Retail,Retail-non CICO,46,0,1,0,1
202000000004207207,customer,,basic service,-,-,99,4,0,0,0
202000000131238331,customer,Jawa Barat,full service,-,-,24,94,0,0,0
202000000128818935,customer,,basic service,-,-,26,12,0,0,0
202000000036240275,customer,,basic service,-,-,75,1,0,0,0
202000000126402965,customer,Jawa Barat,full service,-,-,29,48,0,0,0
202100000007198871,customer,Jawa Barat,full service,-,-,19,103,0,0,0
202000000125972928,customer,Jawa Barat,full service,-,-,30,211,0,0,0
201000000004307382,merchant,,Perorangan,Retail,Retail-non CICO,43,0,1,0,1
202100000007259747,customer,Jawa Barat,full service,-,-,19,73,0,0,0
202000000068260382,customer,Kalimantan Selatan,full service,-,-,59,2,0,0,0
201000000004936768,merchant,,Perorangan,Retail,Retail-non CICO,37,0,4,0,1
201000000004489655,merchant,,Perorangan,Retail,Retail-non CICO,41,0,15,0,1
202000000066911064,customer,Banten,full service,-,-,60,62,0,0,0
202100000006263283,customer,Papua,full service,-,-,21,91,0,0,0
202100000006347378,customer,,basic service,-,-,21,42,0,0,0
201000000003184195,merchant,,Perorangan,Others,,51,0,1,0,1
202000000066535374,customer,Sumatera Utara,full service,-,-,60,20,0,0,0
202000000118265161,customer,Jawa Barat,full service,-,-,36,37,0,0,0
201000000003944689,merchant,,Perorangan,Retail,Retail-non CICO,46,0,4,0,1
202100000007760390,customer,Jawa Barat,full service,-,-,17,39,0,0,0
202000000005108099,customer,Jawa Barat,full service,-,-,109,14,0,0,0
202100000006759074,customer,Banten,full service,-,-,20,128,0,0,0
202000000072293256,customer,Jawa Tengah,full service,-,-,58,9,0,0,0
202000000127615897,customer,Jawa Barat,full service,-,-,28,86,0,0,0
202000000100476867,customer,Jawa Barat,full service,-,-,45,68,0,0,0
202000000092587387,customer,Lampung,full service,-,-,48,91,0,0,0
202100000007744442,customer,,basic service,-,-,17,2,0,0,1
202000000037087979,customer,,basic service,-,-,74,2,0,0,0
202000000116582669,customer,Jawa Barat,full service,-,-,37,17,0,0,0
201000000004613459,merchant,,Perorangan,Retail,Retail-non CICO,40,0,2,0,1
202000000080937962,customer,Jawa Timur,full service,-,-,54,88,0,1,0
202000000126231840,customer,Jawa Barat,full service,-,-,29,88,0,0,0
202000000130631986,customer,Dki  Jakarta,full service,-,-,25,35,0,0,0
202000000125962525,customer,Jawa Barat,full service,-,-,30,129,0,4,0
202100000008271878,customer,,basic service,-,-,15,9,0,0,0
202000000090273595,customer,Jawa Timur,full service,-,-,48,28,0,3,0
202100000007252500,customer,Jawa Barat,full service,-,-,19,167,0,0,0
201000000003821689,merchant,,Perorangan,Retail,Retail-non CICO,47,0,4189,0,0
202100000008088182,customer,Bali,full service,-,-,16,6,0,0,0
202000000096967698,customer,Jawa Tengah,full service,-,-,46,2,0,0,0
202000000080002959,customer,,basic service,-,-,55,23,0,0,0
202100000007842099,customer,Jawa Barat,full service,-,-,17,15,0,0,0
201000000004632440,merchant,,Perorangan,Retail,Retail-non CICO,40,0,1,0,1
202000000104642998,customer,Jawa Timur,full service,-,-,43,116,0,2,0
202000000121309822,customer,,basic service,-,-,35,20,0,0,0
202000000130088136,customer,Jawa Tengah,full service,-,-,25,56,0,0,0
202000000046488220,customer,Riau,full service,-,-,66,171,0,0,0
202000000131127143,customer,Jawa Barat,full service,-,-,24,42,0,0,0
202000000119760125,customer,Jawa Timur,full service,-,-,35,57,0,0,0
202000000082428763,customer,Dki  Jakarta,full service,-,-,53,42,0,4,0
202100000007180856,customer,Dki  Jakarta,full service,-,-,19,106,0,0,0
202000000131263713,customer,Jawa Barat,full service,-,-,24,61,0,0,0
202100000006722892,customer,,basic service,-,-,20,6,0,0,0
202100000008107085,customer,,basic service,-,-,16,3,0,0,1
202100000006358438,customer,,basic service,-,-,21,119,0,3,0
202100000007239635,customer,Jawa Barat,full service,-,-,19,136,0,75,0
202000000087963492,customer,Jawa Timur,full service,-,-,50,302,0,3,0
202100000005790514,customer,Jawa Barat,full service,-,-,22,142,0,0,0
201000000001195015,merchant,,PT,Bank,Linked bank,73,14700686,7484017,94737,0
202000000123036715,customer,Jawa Barat,full service,-,-,33,52,0,0,0
202000000081191895,customer,Sumatera Selatan,full service,-,-,54,160,0,0,0
202000000098971824,customer,,basic service,-,-,45,21,0,0,0
202000000021705308,customer,Dki  Jakarta,full service,-,-,82,33,0,0,0
202100000007901731,customer,,basic service,-,-,16,9,0,0,1
202000000025270166,customer,,basic service,-,-,80,1,0,0,0
202000000104805747,customer,Jawa Timur,full service,-,-,43,62,0,0,0
202000000131592867,customer,,basic service,-,-,23,111,0,0,0
202000000034000028,customer,,basic service,-,-,77,2,0,0,0
202000000083723700,customer,Jawa Timur,full service,-,-,52,8,0,0,0
202000000130008237,customer,Lampung,full service,-,-,25,497,0,0,0
202100000007197183,customer,Jawa Tengah,full service,-,-,19,165,0,0,0
202000000077340025,customer,,basic service,-,-,56,1,0,0,0
202000000130183510,customer,,basic service,-,-,25,1,0,0,0
202000000069332712,customer,Jawa Barat,full service,-,-,59,119,0,0,0
202000000055847207,customer,Sulawesi Tengah,full service,-,-,64,3,0,3,0
202000000007568701,customer,,basic service,-,-,112,4,0,0,0
202000000089573554,customer,Sumatera Barat,full service,-,-,49,1,0,0,0
202100000007191692,customer,Jawa Barat,full service,-,-,19,57,0,0,0
202100000007581106,customer,Lampung,full service,-,-,18,106,0,0,0
202000000126427045,customer,,basic service,-,-,29,47,0,0,0
202000000105412493,customer,Jawa Tengah,full service,-,-,43,1,0,0,0
202000000069517594,customer,Dki  Jakarta,full service,-,-,59,47,0,0,0
202100000007309943,customer,Jawa Barat,full service,-,-,19,118,0,0,0
202000000126237048,customer,Jawa Barat,full service,-,-,29,76,0,0,0
202100000007774562,customer,,basic service,-,-,17,16,0,0,1
202000000052577632,customer,,basic service,-,-,65,35,0,0,0
202000000125966430,customer,Jawa Barat,full service,-,-,30,128,0,4,0
202000000080798751,customer,Jawa Timur,full service,-,-,54,197,0,1,0
202000000115522398,customer,Jawa Timur,full service,-,-,38,51,0,1,0
202100000008084260,customer,,basic service,-,-,16,5,0,0,0
202100000007396257,customer,,basic service,-,-,18,5,0,0,1
201000000004480717,merchant,,Perorangan,Retail,Retail-non CICO,41,0,2,0,1
202000000088926836,customer,Jawa Timur,full service,-,-,49,278,0,3,0
202000000026970356,customer,,basic service,-,-,79,2,0,0,0
202000000093465509,customer,Jawa Tengah,full service,-,-,47,10,0,0,0
202000000069518119,customer,Dki  Jakarta,full service,-,-,59,47,0,0,0
202000000025262528,customer,,basic service,-,-,80,3,0,0,0
202000000126028034,customer,Jawa Barat,full service,-,-,30,75,0,0,0
202100000008367665,customer,,basic service,-,-,15,2,0,3,1
202000000125966474,customer,Jawa Barat,full service,-,-,30,82,0,0,0
202000000126235793,customer,Jawa Barat,full service,-,-,29,49,0,0,0
202000000039498826,customer,,basic service,-,-,73,4,0,0,0
202000000129042217,customer,Kalimantan Timur,full service,-,-,26,8,0,0,0
202000000081912499,customer,Jawa Timur,full service,-,-,53,54,0,1,0
202100000007914149,customer,,basic service,-,-,16,3,0,0,0
201000000004293286,merchant,,Perorangan,Retail,Retail-non CICO,43,0,1,0,1
202000000130254539,customer,,basic service,-,-,25,53,0,0,0
201000000003757482,merchant,,PT,Telco Product,Prepaid,48,143,0,0,0
202000000085777087,customer,Jawa Timur,full service,-,-,51,84,0,0,0
202000000070766351,customer,Sulawesi Utara,full service,-,-,58,82,0,4,0
202000000113918218,customer,Jawa Timur,full service,-,-,39,45,0,0,0
201000000003941697,merchant,,Perorangan,F&B,,46,0,3,0,1
202000000093817995,customer,Jawa Tengah,full service,-,-,47,56,0,0,0
202000000074869764,customer,,basic service,-,-,57,3,0,0,0
202000000076748127,customer,Jawa Barat,full service,-,-,56,96,0,0,0
202000000123002315,customer,Jawa Tengah,full service,-,-,33,142,0,0,0
202000000113526418,customer,,basic service,-,-,39,38,0,0,0
202000000115982679,customer,,basic service,-,-,37,27,0,0,0
202100000008312324,customer,,basic service,-,-,15,2,0,0,1
202100000007414103,customer,Jawa Barat,full service,-,-,18,57,0,0,0
202000000087850297,customer,Jawa Tengah,full service,-,-,50,99,0,62,0
202100000007315087,customer,Sumatera Barat,full service,-,-,18,3,0,0,0
202000000122276857,customer,Jawa Timur,full service,-,-,34,1,0,0,0
202000000097608174,customer,Jawa Barat,full service,-,-,46,58,0,19,0
202000000116326522,customer,,basic service,-,-,37,47,0,26,0
202000000079776451,customer,Papua Barat,full service,-,-,55,36,0,0,0
202000000130206713,customer,Jawa Barat,full service,-,-,25,353,0,0,0
202000000120410627,customer,Jawa Tengah,full service,-,-,35,170,0,0,0
202100000008266871,customer,,basic service,-,-,15,16,0,0,0
202000000044201575,customer,,basic service,-,-,69,3,0,0,0
202100000006362174,customer,,basic service,-,-,21,69,0,0,0
201000000004316490,merchant,,Perorangan,Retail,Retail-non CICO,43,0,4,0,1
202000000089069907,customer,Jawa Timur,full service,-,-,49,28,0,0,0
202000000041745665,customer,,basic service,-,-,72,1,0,0,0
202000000068564797,customer,Jawa Barat,full service,-,-,59,94,0,0,0
202100000007677125,customer,,basic service,-,-,17,38,0,0,0
202100000006883224,customer,Jawa Barat,full service,-,-,20,72,0,0,0
202000000038500649,customer,,basic service,-,-,74,1,0,0,0
202000000082429559,customer,Dki  Jakarta,full service,-,-,53,46,0,0,0
202000000008722879,customer,,basic service,-,-,92,4,0,0,0
202000000003027234,customer,,basic service,-,-,188,4,0,0,0
202000000129196029,customer,,basic service,-,-,26,1,0,0,0
202100000007634820,customer,,basic service,-,-,17,4,0,0,1
202000000117136129,customer,,basic service,-,-,37,27,0,0,0
202000000125278226,customer,Jawa Tengah,full service,-,-,31,122,0,0,0
202000000035245949,customer,,basic service,-,-,76,1,0,0,0
202000000048889770,customer,Papua Barat,full service,-,-,65,8,0,0,0
202100000007923763,customer,Jawa Tengah,full service,-,-,16,3,0,0,0
202000000102534459,customer,Sumatera Barat,full service,-,-,44,1,0,0,0